"user","game","rating","date","helpfullnessPositive","helpfullnessNegative"
11762,2140553,60,"2017-09-11",1,11
99112,1540125,40,"2011-01-23",7,74
102816,129342,100,"2005-07-06",6,1
102816,158814,100,"2004-09-26",11,3
102816,158958,50,"2004-05-24",2,2
102816,176664,20,"2005-07-31",3,4
102816,176971,40,"2005-07-31",2,19
102816,183005,40,"2001-03-02",8,2
102816,186162,70,"2005-03-13",6,0
102816,203701,40,"2005-07-09",5,8
102816,206583,70,"2006-04-12",3,1
102816,222407,60,"2005-04-24",1,4
102816,232531,50,"2004-12-08",6,0
102816,247506,40,"2013-10-26",1,1
102816,248048,90,"2001-06-17",15,2
102816,249174,100,"2005-08-31",8,0
102816,251138,60,"2017-07-22",0,0
102816,251285,100,"2005-10-09",9,0
102816,253369,40,"2013-08-03",1,1
102816,255202,90,"2001-06-17",2,3
102816,257548,70,"2005-08-21",6,1
102816,260264,80,"2005-03-09",4,4
102816,262734,30,"2005-05-18",2,9
102816,263941,70,"2001-08-11",6,0
102816,268516,80,"2015-03-10",2,0
102816,268583,100,"2004-04-29",5,2
102816,277334,10,"2005-04-02",4,49
102816,280938,70,"2007-10-29",3,0
102816,285312,80,"2005-03-09",7,0
102816,285446,10,"2004-11-27",3,6
102816,291138,70,"2010-02-14",3,0
102816,291490,100,"2004-04-29",6,0
102816,291491,100,"2004-05-16",2,0
102816,291492,70,"2010-05-30",1,3
102816,291715,50,"2005-08-14",2,0
102816,291858,70,"2004-05-07",8,1
102816,292100,40,"2004-05-24",4,1
102816,294536,100,"2006-02-03",8,2
102816,294537,10,"2004-05-16",5,1
102816,295846,50,"2007-04-26",2,2
102816,296860,30,"2010-06-29",1,0
102816,297407,50,"2004-04-29",0,3
102816,297409,60,"2013-10-25",1,0
102816,298052,70,"2007-05-15",4,0
102816,298562,70,"2004-05-14",7,2
102816,301766,50,"2005-08-07",3,1
102816,302327,100,"2004-11-20",13,0
102816,304616,70,"2013-10-25",3,0
102816,308688,80,"2005-06-26",10,0
102816,310816,10,"2005-07-02",3,0
102816,314056,70,"2004-04-29",2,1
102816,314123,100,"2004-05-20",1,1
102816,314233,10,"2013-10-27",2,2
102816,315474,10,"2013-10-26",1,0
102816,316697,100,"2004-04-29",11,0
102816,316698,10,"2005-04-18",10,3
102816,322435,50,"2005-07-13",1,7
102816,323983,40,"2004-05-07",2,1
102816,326116,80,"2004-07-24",3,1
102816,335035,60,"2005-07-27",1,1
102816,339160,70,"2004-12-25",2,10
102816,343591,70,"2004-07-31",3,0
102816,344329,20,"2004-05-07",1,10
102816,345344,70,"2004-06-16",7,8
102816,349818,70,"2006-04-20",5,1
102816,353333,40,"2005-07-14",4,1
102816,353451,80,"2005-04-20",5,1
102816,354920,70,"2012-11-13",2,1
102816,355479,60,"2005-11-05",3,1
102816,356202,70,"2004-04-29",6,2
102816,363026,60,"2013-05-26",1,0
102816,364013,60,"2007-02-09",3,0
102816,371816,40,"2004-12-11",2,27
102816,372936,70,"2017-11-05",0,0
102816,378918,70,"2005-07-18",5,0
102816,380760,90,"2009-07-14",3,0
102816,386789,60,"2005-01-29",3,12
102816,388426,70,"2005-07-02",4,0
102816,391476,50,"2012-07-13",1,0
102816,395109,50,"2005-03-01",4,1
102816,395767,50,"2005-04-10",2,19
102816,397042,50,"2005-03-25",8,9
102816,404112,60,"2013-04-29",1,3
102816,407142,70,"2005-05-19",18,0
102816,408816,40,"2005-07-25",3,1
102816,408903,80,"2005-05-22",10,0
102816,411906,40,"2004-07-17",3,23
102816,412305,70,"2005-08-16",7,6
102816,412672,80,"2004-07-04",8,5
102816,413221,80,"2005-05-11",4,0
102816,413662,80,"2005-04-26",4,0
102816,415156,70,"2007-10-31",6,0
102816,422335,40,"2004-11-30",3,2
102816,424421,70,"2006-07-05",6,2
102816,424451,100,"2006-04-29",4,1
102816,424457,60,"2012-12-26",2,1
102816,426436,70,"2004-10-19",1,6
102816,433090,50,"2005-03-09",1,0
102816,433390,70,"2013-05-09",2,2
102816,433601,10,"2006-05-20",8,21
102816,434188,80,"2007-10-24",5,1
102816,434189,80,"2007-10-26",3,0
102816,437330,70,"2007-11-01",2,1
102816,439795,100,"2005-04-27",10,2
102816,440272,10,"2006-05-24",2,5
102816,442679,50,"2009-12-28",1,0
102816,442703,40,"2006-02-09",3,2
102816,443673,100,"2005-12-14",10,1
102816,445563,60,"2005-07-25",2,1
102816,445995,50,"2005-12-30",11,13
102816,448010,10,"2005-09-16",1,4
102816,450955,10,"2006-01-05",20,7
102816,451007,60,"2013-09-19",1,0
102816,451088,100,"2005-04-28",19,0
102816,451177,100,"2005-06-06",8,1
102816,453502,100,"2005-04-06",12,0
102816,454778,60,"2005-08-04",4,0
102816,454923,50,"2005-05-14",4,0
102816,455384,50,"2005-07-14",5,2
102816,455586,10,"2005-04-21",6,2
102816,455754,60,"2005-04-19",4,2
102816,455776,50,"2005-08-08",9,1
102816,457443,60,"2005-06-06",4,0
102816,457444,70,"2005-06-06",5,1
102816,457473,70,"2005-06-16",6,0
102816,457486,70,"2005-07-14",17,3
102816,457504,100,"2005-05-02",10,0
102816,462199,60,"2006-10-19",13,3
102816,462217,60,"2005-06-07",6,1
102816,462266,80,"2005-06-08",8,3
102816,462281,40,"2005-09-02",10,6
102816,462321,60,"2006-06-22",10,0
102816,462495,80,"2005-06-07",14,1
102816,462582,60,"2010-01-21",2,2
102816,462642,50,"2005-06-10",3,0
102816,463915,60,"2005-07-14",2,0
102816,464195,10,"2005-09-29",2,0
102816,465428,60,"2005-07-22",6,3
102816,465511,50,"2005-06-21",4,0
102816,465515,10,"2005-06-21",7,0
102816,465614,10,"2005-06-21",6,5
102816,465922,100,"2005-06-30",6,0
102816,466009,40,"2008-01-31",5,2
102816,466137,10,"2006-02-27",9,23
102816,467417,60,"2006-08-18",7,0
102816,467420,50,"2005-08-16",9,0
102816,469030,10,"2009-04-26",2,1
102816,469072,10,"2005-07-13",4,11
102816,469181,100,"2005-08-14",9,0
102816,469194,60,"2005-07-13",3,10
102816,469199,60,"2005-11-22",2,0
102816,469205,50,"2005-07-13",2,0
102816,469212,60,"2006-09-14",7,0
102816,469607,100,"2005-07-14",4,0
102816,473297,70,"2005-08-05",6,0
102816,473298,60,"2009-08-16",7,10
102816,475297,40,"2007-04-24",3,28
102816,475546,20,"2005-09-20",6,2
102816,475592,50,"2008-03-10",5,1
102816,475675,80,"2005-08-23",10,2
102816,478182,10,"2005-10-26",7,20
102816,479101,70,"2007-11-04",4,1
102816,479161,70,"2005-12-14",3,0
102816,481086,60,"2005-10-31",3,0
102816,481236,40,"2005-10-16",6,0
102816,482518,70,"2006-02-26",11,0
102816,482604,50,"2005-11-06",3,1
102816,482895,50,"2005-10-16",3,1
102816,483020,50,"2005-10-16",3,0
102816,483041,60,"2005-11-29",2,0
102816,483141,50,"2005-10-12",5,0
102816,483986,10,"2005-10-12",4,2
102816,483987,10,"2005-11-17",6,4
102816,484859,70,"2006-12-11",3,7
102816,488775,10,"2005-11-15",25,3
102816,488776,30,"2006-07-09",6,2
102816,489066,100,"2010-04-09",3,0
102816,489229,90,"2006-01-17",11,0
102816,490198,40,"2005-11-23",2,2
102816,490765,10,"2008-04-17",5,1
102816,491188,40,"2006-06-04",3,2
102816,492467,60,"2010-02-06",1,1
102816,495727,70,"2006-02-03",4,1
102816,495741,80,"2006-10-31",8,0
102816,495755,10,"2018-01-04",0,1
102816,800108,60,"2006-05-20",4,0
102816,800216,20,"2013-10-25",1,0
102816,802999,40,"2013-08-25",4,7
102816,810872,20,"2007-03-03",3,5
102816,818506,60,"2006-07-25",11,22
102816,819940,50,"2006-06-27",3,4
102816,856828,80,"2006-09-10",7,0
102816,872115,100,"2006-10-01",9,1
102816,928051,80,"2007-11-08",3,0
102816,943269,30,"2008-06-29",3,1
102816,972844,30,"2012-11-07",1,2
102816,973816,60,"2009-12-21",4,3
102816,1000777,80,"2013-01-28",2,0
102816,1031211,90,"2008-01-01",4,1
102816,1087900,60,"2008-03-10",3,2
102816,1110280,60,"2008-01-12",7,2
102816,1194142,80,"2010-05-29",4,1
102816,1201565,70,"2009-09-23",4,3
102816,1227830,90,"2013-06-05",3,0
102816,1233574,70,"2010-02-28",7,1
102816,1236400,10,"2013-05-31",1,7
102816,1247152,70,"2010-05-04",2,0
102816,1267296,80,"2016-12-09",0,0
102816,1282022,80,"2010-12-12",1,3
102816,1319708,60,"2012-08-21",3,32
102816,1349460,90,"2010-02-01",5,3
102816,1376693,60,"2011-01-26",2,0
102816,1386939,70,"2013-01-27",2,3
102816,1407064,40,"2014-02-08",4,8
102816,1546028,30,"2014-04-12",2,1
102816,1568322,70,"2013-01-06",1,2
102816,1601876,70,"2011-10-29",1,0
102816,1603486,40,"2011-02-06",3,1
102816,1618379,70,"2012-08-09",1,0
102816,1661824,70,"2010-11-12",2,1
102816,1666159,60,"2013-11-28",2,0
102816,1688659,80,"2011-08-22",3,1
102816,1697062,80,"2012-10-27",4,0
102816,1724555,70,"2011-01-19",2,0
102816,1774580,70,"2011-06-08",4,0
102816,1776254,50,"2017-12-15",1,1
102816,1800763,60,"2014-08-18",3,1
102816,1810844,60,"2013-02-03",1,3
102816,1830493,80,"2011-08-30",2,0
102816,1841511,70,"2011-11-10",1,3
102816,1841512,80,"2011-11-13",4,0
102816,1849822,70,"2012-07-02",2,1
102816,1856008,60,"2011-10-18",1,0
102816,1877765,50,"2012-04-27",2,4
102816,1935236,60,"2012-01-03",10,4
102816,1975098,10,"2013-10-25",2,0
102816,1999169,10,"2012-11-21",3,2
102816,2011152,60,"2015-03-29",2,0
102816,2061852,60,"2012-09-11",5,10
102816,2069021,50,"2012-01-12",2,4
102816,2102446,60,"2013-04-15",3,4
102816,2133326,70,"2014-05-09",1,5
102816,2134107,30,"2014-07-04",3,12
102816,2145559,40,"2013-10-25",1,0
102816,2166276,10,"2013-02-21",1,3
102816,2171704,10,"2015-06-25",4,5
102816,2189256,60,"2016-02-08",1,0
102816,2193031,10,"2015-02-26",8,9
102816,2241982,90,"2013-03-06",10,0
102816,2266084,40,"2013-03-06",4,4
102816,2317101,30,"2013-05-14",1,0
102816,2454834,70,"2012-10-18",4,0
102816,2469184,60,"2014-01-04",0,0
102816,2793236,60,"2014-05-09",2,1
102816,2842418,60,"2015-12-27",0,2
102816,2845890,90,"2013-09-12",3,0
102816,2962548,80,"2016-03-19",3,0
102816,3257162,70,"2014-10-10",0,0
102816,3358942,60,"2017-12-02",1,0
102816,3892998,80,"2017-03-27",3,1
102816,5878060,60,"2017-06-02",2,3
136570,314123,100,"2002-10-29",1,0
453068,176925,100,"2006-05-22",2,0
453068,205973,100,"2000-07-30",7,1
453068,314123,100,"2008-06-17",2,0
453068,421687,100,"2007-08-06",3,0
453751,228757,100,"2003-06-15",4,6
453751,291868,100,"2004-11-19",3,5
453751,314123,100,"2003-07-20",6,3
453751,366758,100,"2005-05-14",37,2
453751,374692,100,"2004-11-19",7,8
453751,378759,100,"2004-05-01",2,2
453751,383385,100,"2005-07-16",54,6
453751,400796,100,"2004-09-01",16,3
453751,791102,100,"2006-05-16",17,0
453751,1037854,100,"2010-08-14",25,18
527131,295269,100,"2002-05-09",1,1
527131,486048,100,"2005-11-06",41,1
527131,2140553,100,"2013-09-17",1,0
735232,1712064,80,"2013-04-15",2,3
892646,202480,100,"2006-07-20",1,0
892646,203702,70,"2006-08-03",1,0
892646,271863,70,"2007-11-24",1,0
892646,280488,70,"2008-03-15",0,0
892646,286598,100,"2006-07-07",3,0
892646,301927,90,"2008-02-14",0,0
892646,310260,100,"2007-12-08",4,0
892646,449074,70,"2005-09-25",2,3
892646,763846,90,"2006-11-05",2,2
892646,1277125,70,"2013-09-22",4,2
892646,1386939,90,"2011-11-28",6,0
918957,388944,100,"2007-08-26",9,4
918957,470125,80,"2006-10-28",0,1
918957,884870,90,"2007-08-26",2,0
918957,1094581,100,"2007-09-09",10,2
918957,1110280,90,"2007-11-17",1,1
1111192,125065,70,"2012-05-03",0,0
1111192,145730,90,"2012-02-09",1,0
1111192,145868,80,"2009-09-07",0,0
1111192,158208,70,"2012-04-29",1,0
1111192,161941,90,"2009-07-14",0,1
1111192,161985,70,"2013-06-15",1,0
1111192,176664,60,"2012-04-29",0,0
1111192,176925,90,"2009-01-06",0,0
1111192,177266,80,"2010-03-01",0,0
1111192,180825,90,"2018-08-13",1,0
1111192,183005,40,"2008-10-01",2,0
1111192,184529,70,"2009-02-18",1,2
1111192,184666,80,"2013-10-19",1,0
1111192,185037,60,"2009-01-06",0,0
1111192,185980,70,"2012-05-06",1,0
1111192,186021,40,"2012-04-28",1,0
1111192,186046,60,"2012-05-06",0,1
1111192,186162,60,"2013-07-16",0,0
1111192,186172,70,"2009-08-17",1,0
1111192,186251,50,"2012-03-10",0,0
1111192,186264,30,"2009-03-08",2,1
1111192,186272,50,"2012-05-06",0,0
1111192,186339,70,"2009-03-14",3,0
1111192,186350,80,"2009-02-18",1,0
1111192,186450,70,"2012-04-25",1,0
1111192,186507,60,"2013-10-15",1,0
1111192,186509,80,"2009-01-14",3,0
1111192,186636,70,"2012-05-07",1,0
1111192,190076,80,"2007-07-11",1,1
1111192,190703,60,"2007-07-11",2,5
1111192,190838,90,"2007-07-11",5,0
1111192,204657,80,"2012-05-06",0,2
1111192,204659,90,"2010-03-03",0,0
1111192,205973,70,"2012-05-07",0,0
1111192,206583,60,"2010-03-10",0,0
1111192,206656,80,"2012-02-14",1,0
1111192,206846,60,"2013-07-02",0,0
1111192,207072,50,"2012-05-07",1,0
1111192,207127,80,"2012-07-13",0,1
1111192,207485,80,"2016-09-19",0,0
1111192,207486,70,"2017-01-24",0,0
1111192,207487,100,"2007-04-03",1,0
1111192,207488,80,"2008-05-05",0,1
1111192,207701,80,"2007-07-17",2,2
1111192,208155,100,"2007-04-09",3,2
1111192,208156,90,"2014-08-31",2,0
1111192,208331,70,"2015-09-25",1,0
1111192,208332,80,"2014-01-07",1,0
1111192,210061,90,"2007-04-05",1,1
1111192,210613,90,"2008-10-13",2,1
1111192,212498,90,"2012-05-04",1,1
1111192,215258,80,"2007-07-11",2,0
1111192,219364,60,"2012-05-07",0,0
1111192,228217,60,"2007-07-11",1,0
1111192,238738,90,"2007-06-03",1,1
1111192,241307,70,"2008-10-07",1,2
1111192,244783,80,"2009-02-18",0,0
1111192,245097,80,"2009-03-16",0,0
1111192,249006,70,"2012-05-01",0,1
1111192,249008,90,"2018-11-20",0,0
1111192,249510,100,"2007-04-24",5,1
1111192,251092,70,"2012-02-08",1,0
1111192,253823,50,"2012-05-07",0,0
1111192,255319,70,"2013-10-18",0,0
1111192,258979,80,"2008-10-04",0,0
1111192,260264,80,"2012-06-12",1,0
1111192,260785,90,"2012-07-30",0,0
1111192,261889,70,"2007-07-17",2,4
1111192,262451,90,"2007-07-15",0,0
1111192,263231,80,"2013-10-07",0,0
1111192,263641,100,"2009-01-06",0,0
1111192,264790,80,"2014-04-01",0,0
1111192,268256,70,"2007-07-02",1,3
1111192,268516,70,"2012-04-04",0,4
1111192,271084,40,"2012-05-07",0,1
1111192,272164,80,"2010-01-20",1,0
1111192,273778,70,"2009-08-10",0,4
1111192,277723,90,"2011-12-02",0,2
1111192,278066,40,"2009-04-28",0,2
1111192,278470,50,"2012-04-30",1,0
1111192,278701,40,"2008-10-04",1,1
1111192,279840,90,"2007-07-15",1,0
1111192,281244,20,"2012-05-02",3,5
1111192,282975,80,"2007-06-24",0,0
1111192,283587,60,"2009-05-30",0,1
1111192,284110,100,"2007-04-25",6,1
1111192,288684,70,"2008-01-22",0,0
1111192,290148,80,"2008-12-27",2,0
1111192,291337,80,"2008-10-17",1,2
1111192,291450,60,"2012-06-03",0,1
1111192,292893,70,"2012-06-03",1,0
1111192,294536,70,"2012-02-28",1,0
1111192,295269,40,"2009-05-17",1,1
1111192,295318,10,"2012-04-30",1,1
1111192,295691,30,"2012-05-05",4,0
1111192,296997,60,"2012-04-29",0,0
1111192,297022,60,"2012-04-29",0,0
1111192,297407,50,"2008-10-01",0,1
1111192,297409,60,"2012-05-01",0,0
1111192,297951,40,"2012-05-01",0,1
1111192,300530,70,"2012-03-01",1,0
1111192,301765,60,"2012-05-01",0,0
1111192,301768,60,"2009-03-07",0,0
1111192,301928,50,"2013-07-01",1,0
1111192,302864,70,"2014-02-11",0,0
1111192,303164,60,"2012-05-07",0,0
1111192,308201,20,"2012-04-28",4,1
1111192,308426,90,"2008-06-16",1,2
1111192,309462,70,"2013-09-30",0,1
1111192,310186,70,"2013-10-15",0,0
1111192,311669,50,"2009-08-17",0,0
1111192,314015,60,"2012-06-19",0,10
1111192,314123,100,"2011-03-21",1,0
1111192,316324,80,"2012-04-29",0,0
1111192,316483,60,"2012-05-23",0,0
1111192,316586,90,"2007-04-05",1,0
1111192,316655,70,"2009-05-07",1,1
1111192,317510,90,"2007-04-25",0,3
1111192,321399,50,"2013-07-12",0,0
1111192,322968,90,"2018-01-18",1,0
1111192,323974,80,"2008-05-25",1,0
1111192,325724,80,"2010-03-24",0,2
1111192,326862,80,"2015-07-08",1,0
1111192,339987,50,"2008-01-10",1,3
1111192,340903,80,"2012-04-25",0,0
1111192,345344,60,"2011-08-05",3,1
1111192,347094,60,"2009-02-18",0,1
1111192,352416,70,"2010-12-12",2,0
1111192,354621,60,"2008-07-14",0,0
1111192,355479,30,"2012-04-30",1,0
1111192,360942,70,"2017-08-22",0,0
1111192,362974,70,"2014-06-18",1,0
1111192,363026,80,"2010-06-26",0,0
1111192,363595,80,"2008-10-07",1,0
1111192,363765,80,"2007-07-11",0,0
1111192,364126,90,"2007-08-26",1,0
1111192,365498,90,"2019-01-15",0,0
1111192,372617,70,"2012-04-22",0,0
1111192,376109,30,"2009-03-10",1,1
1111192,376344,60,"2007-08-26",0,0
1111192,378918,50,"2009-12-13",0,0
1111192,380627,60,"2014-09-15",0,0
1111192,380628,70,"2014-10-20",0,0
1111192,384222,80,"2008-06-16",2,2
1111192,384444,80,"2008-11-27",1,2
1111192,385989,70,"2009-07-30",2,2
1111192,386788,60,"2008-09-13",1,3
1111192,388195,80,"2009-04-28",1,0
1111192,388944,60,"2007-03-29",14,23
1111192,397040,80,"2007-06-22",7,4
1111192,397042,90,"2007-05-17",1,1
1111192,397056,50,"2008-01-22",0,0
1111192,402221,50,"2014-05-14",0,5
1111192,405034,80,"2009-08-31",0,1
1111192,407798,60,"2010-10-30",2,1
1111192,408816,20,"2012-05-06",1,0
1111192,409802,80,"2013-06-25",1,0
1111192,410447,90,"2014-11-03",1,0
1111192,411218,80,"2009-07-19",0,1
1111192,411906,80,"2009-12-10",0,1
1111192,415834,50,"2009-07-19",0,0
1111192,416779,90,"2008-11-26",1,0
1111192,417183,80,"2007-04-11",3,1
1111192,417519,80,"2012-06-20",0,0
1111192,419020,80,"2007-06-13",0,0
1111192,419277,80,"2010-07-13",0,0
1111192,421586,50,"2018-06-05",0,0
1111192,424369,90,"2009-12-03",5,0
1111192,426408,80,"2007-03-24",2,0
1111192,429979,80,"2014-02-10",0,0
1111192,433577,70,"2008-06-16",0,4
1111192,433601,60,"2012-04-29",0,0
1111192,434520,70,"2012-05-07",1,0
1111192,437437,60,"2008-11-27",1,4
1111192,440337,90,"2008-04-02",5,0
1111192,441877,80,"2007-07-02",0,3
1111192,443635,100,"2007-04-10",1,0
1111192,451007,60,"2013-10-22",0,0
1111192,453519,70,"2008-12-27",0,0
1111192,455361,70,"2008-02-17",2,2
1111192,457386,80,"2010-12-12",1,1
1111192,458498,70,"2014-02-10",1,0
1111192,462550,60,"2009-07-02",1,1
1111192,465614,20,"2008-10-01",1,0
1111192,466137,60,"2008-10-01",2,2
1111192,469030,50,"2013-07-08",0,0
1111192,469287,50,"2012-06-13",0,3
1111192,470125,80,"2007-07-15",1,1
1111192,471435,80,"2013-08-21",1,0
1111192,478224,70,"2012-05-31",0,0
1111192,479196,40,"2005-10-15",3,11
1111192,481507,70,"2010-04-06",1,2
1111192,481955,70,"2012-05-11",1,0
1111192,483576,80,"2008-02-17",1,1
1111192,483593,70,"2008-07-29",4,4
1111192,483781,90,"2008-11-27",2,0
1111192,483822,90,"2007-07-19",2,1
1111192,483841,80,"2015-06-27",0,0
1111192,486659,70,"2007-04-11",2,2
1111192,486673,80,"2007-04-22",5,0
1111192,487953,40,"2009-08-06",0,4
1111192,488536,80,"2007-07-03",4,1
1111192,492680,40,"2005-12-16",7,4
1111192,496568,60,"2008-02-17",3,7
1111192,772202,40,"2012-05-02",0,0
1111192,790638,70,"2008-05-13",0,0
1111192,795479,90,"2007-04-11",6,0
1111192,796841,80,"2007-09-07",1,0
1111192,802988,70,"2014-02-13",2,0
1111192,808465,80,"2007-08-23",1,1
1111192,809953,90,"2007-08-26",1,2
1111192,814207,80,"2007-07-11",3,0
1111192,823463,80,"2007-07-10",2,2
1111192,824665,90,"2013-06-15",2,1
1111192,829316,80,"2007-07-12",1,0
1111192,837114,40,"2011-02-06",1,1
1111192,837564,60,"2012-06-02",0,0
1111192,841037,80,"2008-01-10",5,2
1111192,846694,90,"2009-08-14",1,0
1111192,856823,80,"2012-04-02",0,0
1111192,860917,90,"2008-05-13",3,1
1111192,880442,70,"2007-03-27",2,1
1111192,900374,60,"2013-11-11",0,0
1111192,932936,50,"2009-01-20",11,12
1111192,934420,80,"2011-04-07",0,0
1111192,937352,80,"2009-06-11",1,0
1111192,942894,70,"2009-12-28",3,3
1111192,947068,80,"2010-03-05",1,0
1111192,951325,80,"2007-05-14",5,2
1111192,960140,90,"2017-03-19",8,2
1111192,979878,90,"2007-11-09",7,1
1111192,1000777,80,"2007-12-24",5,11
1111192,1014679,70,"2008-01-01",1,0
1111192,1024953,70,"2007-10-09",3,2
1111192,1073664,90,"2009-03-23",10,14
1111192,1073668,80,"2008-04-08",5,12
1111192,1086705,80,"2009-09-18",1,0
1111192,1086706,80,"2009-12-28",0,0
1111192,1094581,80,"2011-04-10",0,0
1111192,1104102,100,"2007-10-23",10,1
1111192,1105305,90,"2015-10-28",0,0
1111192,1107835,80,"2011-01-12",1,2
1111192,1110280,70,"2007-12-02",2,0
1111192,1129933,60,"2008-08-17",2,0
1111192,1129936,80,"2008-07-06",0,0
1111192,1129937,90,"2008-06-13",2,0
1111192,1132487,80,"2008-02-02",4,2
1111192,1190562,70,"2009-01-14",0,0
1111192,1199781,80,"2014-04-21",4,0
1111192,1211798,80,"2013-06-16",0,0
1111192,1235071,90,"2008-06-10",4,9
1111192,1239317,80,"2009-09-01",2,0
1111192,1244610,60,"2008-12-02",0,0
1111192,1266580,70,"2010-07-14",4,0
1111192,1267296,90,"2009-07-03",16,3
1111192,1282022,100,"2010-01-16",10,0
1111192,1288478,80,"2008-09-13",1,0
1111192,1288501,90,"2009-02-05",4,0
1111192,1288590,90,"2009-11-08",2,2
1111192,1288604,90,"2009-01-03",4,3
1111192,1300585,60,"2018-07-16",2,1
1111192,1303901,70,"2008-10-28",4,2
1111192,1313015,70,"2009-09-25",0,1
1111192,1313016,50,"2008-11-21",1,16
1111192,1320274,70,"2009-09-27",2,0
1111192,1338661,80,"2009-04-06",9,1
1111192,1349460,100,"2010-02-11",7,3
1111192,1355605,70,"2010-06-01",0,1
1111192,1360777,70,"2010-06-12",0,1
1111192,1380179,100,"2009-06-02",14,1
1111192,1403099,80,"2012-05-07",0,0
1111192,1408087,80,"2011-08-24",2,0
1111192,1409575,80,"2012-02-13",0,0
1111192,1410268,60,"2012-04-10",1,4
1111192,1454909,80,"2013-11-27",4,2
1111192,1456949,60,"2012-02-28",2,1
1111192,1467376,90,"2012-06-04",1,0
1111192,1500750,60,"2010-06-14",1,0
1111192,1506437,80,"2011-10-12",2,3
1111192,1523546,80,"2011-09-14",1,0
1111192,1527831,60,"2011-10-15",2,5
1111192,1545989,80,"2011-09-09",0,0
1111192,1568322,100,"2012-02-04",0,1
1111192,1578126,40,"2010-09-06",7,35
1111192,1579932,90,"2010-11-24",5,3
1111192,1585560,80,"2014-01-11",0,0
1111192,1663169,90,"2010-08-25",2,1
1111192,1679686,80,"2010-10-15",0,0
1111192,1697062,80,"2016-05-03",0,0
1111192,1708470,90,"2010-12-30",1,1
1111192,1710626,90,"2015-04-14",2,1
1111192,1754134,70,"2018-07-25",2,0
1111192,1774580,80,"2011-01-12",1,0
1111192,1800763,90,"2011-12-07",6,1
1111192,1813498,60,"2011-01-17",1,1
1111192,1825065,70,"2011-01-25",2,0
1111192,1885369,80,"2014-12-01",1,1
1111192,1890354,90,"2011-04-27",2,0
1111192,1896801,20,"2012-05-07",9,2
1111192,1981616,60,"2013-10-22",0,0
1111192,2002632,60,"2011-08-17",5,12
1111192,2007381,70,"2013-04-17",2,0
1111192,2140553,80,"2015-11-23",0,6
1111192,2147460,70,"2013-10-17",0,0
1111192,2184299,80,"2014-01-29",4,1
1111192,2189256,50,"2016-12-12",1,1
1111192,2194597,60,"2012-05-06",0,0
1111192,2198183,70,"2013-07-09",1,1
1111192,2269724,90,"2015-06-01",1,0
1111192,2290545,50,"2012-05-03",0,0
1111192,2307574,80,"2014-02-10",1,0
1111192,2320250,60,"2013-09-04",0,0
1111192,2338235,40,"2015-06-17",1,0
1111192,2648178,90,"2014-06-24",4,0
1111192,2781756,80,"2016-06-26",3,0
1111192,2946820,80,"2016-08-15",2,0
1111192,2960790,80,"2016-09-13",2,0
1111192,2960886,90,"2014-01-30",4,1
1111192,2960890,60,"2016-05-15",1,1
1111192,2972730,70,"2013-07-30",3,0
1111192,3139666,40,"2019-05-14",0,0
1111192,3253986,100,"2019-03-12",0,0
1111192,3334704,100,"2016-07-25",4,0
1111192,3391032,90,"2016-11-22",2,3
1111192,3769060,80,"2015-05-26",0,1
1111192,3828038,70,"2016-03-27",1,1
1111192,3830314,60,"2016-01-19",0,0
1111192,3944082,100,"2018-05-28",8,1
1111192,4278046,70,"2015-08-26",1,1
1111192,4679006,80,"2018-02-10",1,0
1111192,4772452,90,"2015-06-18",2,0
1111192,4773366,80,"2017-03-25",0,1
1111192,4968070,90,"2016-03-15",0,3
1111192,5238848,90,"2018-11-21",1,1
1111192,5792582,100,"2017-12-14",0,2
1111192,6811554,80,"2018-02-01",0,1
1111192,7624758,70,"2019-05-20",0,0
1111192,7625238,60,"2018-06-05",0,0
1111192,8084906,90,"2019-05-08",0,0
1128823,1839558,20,"2012-03-17",6,199
1173088,190703,100,"2005-05-25",7,4
1173088,204657,100,"2005-05-25",9,1
1173088,219364,90,"2003-02-10",2,2
1173088,241985,100,"2005-12-16",4,1
1173088,277723,100,"2002-08-17",9,4
1173088,283087,100,"2001-08-15",1,3
1173088,284592,90,"2001-07-21",5,3
1173088,286010,100,"2001-08-16",12,1
1173088,291337,100,"2002-08-18",18,0
1173088,294862,50,"2002-08-18",0,0
1173088,309654,100,"2002-03-26",15,2
1173088,314123,100,"2003-04-23",0,3
1173088,357718,80,"2004-11-26",32,16
1173088,366758,100,"2006-03-18",30,2
1173088,374692,100,"2006-10-14",34,0
1173088,383385,100,"2005-06-22",31,12
1173088,488536,90,"2006-11-10",12,2
1173088,802999,100,"2008-05-20",3,2
1173088,814129,100,"2006-06-22",2,1
1284840,1282022,100,"2012-01-18",0,0
1416505,165789,70,"2004-08-05",3,2
1416505,289421,70,"2006-05-19",0,6
1416505,382590,90,"2003-11-29",11,2
1416505,1181833,70,"2010-10-08",10,11
1416505,1219833,70,"2009-11-07",3,2
1416505,1632479,70,"2011-03-01",3,5
1466728,314123,100,"2002-10-29",0,0
1550530,110267,100,"2003-08-04",4,1
1566158,304599,70,"2006-09-18",2,1
1566158,932936,80,"2007-11-20",17,14
1566158,954349,100,"2008-01-26",1,0
1566158,1094581,90,"2007-09-05",28,65
1616612,802999,100,"2008-05-11",48,18
1659131,314123,100,"2002-10-19",1,0
1731433,386789,60,"2007-01-11",3,3
1731433,388929,60,"2008-01-07",1,8
1731433,403324,50,"2006-06-25",2,11
1731433,451192,80,"2006-10-09",57,4
1731433,460949,80,"2007-09-18",26,4
1731433,462582,40,"2006-06-17",1,4
1731433,790814,50,"2007-01-17",11,9
1731433,937352,40,"2007-07-10",6,123
1731433,1568322,60,"2011-12-26",1,7
1731433,2133326,40,"2014-04-19",4,21
1734941,1632479,80,"2010-11-20",8,4
1896076,462582,30,"2006-05-31",4,7
1980092,293037,90,"2006-08-06",5,1
1980092,462448,30,"2006-08-06",1,5
1980092,483822,60,"2015-03-08",0,0
1980092,488536,50,"2005-12-05",0,3
1980092,823463,50,"2013-11-17",1,0
1980092,940530,80,"2007-06-20",6,2
1980092,1247152,10,"2015-02-28",0,0
1980092,1277125,40,"2013-05-27",3,1
1980092,1282022,70,"2015-03-24",1,0
1980092,1773838,60,"2011-05-11",2,0
1980092,1797530,80,"2013-05-26",2,2
1980092,1839558,70,"2012-06-01",3,5
1980092,1907748,60,"2012-06-01",2,1
1980092,2140553,70,"2015-02-11",1,6
1980092,2321297,80,"2013-06-13",0,3
1980092,2452050,70,"2012-11-12",3,4
1980092,2467224,50,"2014-07-21",1,0
1980092,3993808,50,"2014-12-20",7,4
1980092,4876864,50,"2017-04-01",46,10
1980092,5158314,60,"2018-05-28",15,30
1980092,5722532,60,"2016-11-25",4,7
1994077,158208,100,"2016-01-27",0,0
1994077,205973,100,"2013-11-14",0,0
1994077,257570,90,"2013-09-25",0,0
1994077,277723,70,"2016-01-10",0,1
1994077,297082,60,"2015-07-30",0,0
1994077,302975,100,"2017-02-20",0,0
1994077,314123,100,"2016-01-10",4,0
1994077,339359,90,"2013-11-10",1,0
1994077,383385,50,"2015-06-19",0,4
1994077,815168,90,"2016-01-10",0,0
1994077,1000777,80,"2013-01-07",0,0
1994077,1142978,80,"2014-12-31",0,0
1994077,1171225,60,"2015-06-08",0,0
1994077,1176122,100,"2013-11-10",0,0
1994077,1282022,80,"2013-08-15",0,0
1994077,1349460,100,"2013-05-04",0,0
1994077,1479962,100,"2013-05-04",1,2
1994077,1568322,80,"2017-10-16",0,0
1994077,1569962,80,"2017-10-16",0,0
1994077,1572508,60,"2014-09-02",2,0
1994077,1712064,70,"2014-06-06",0,2
1994077,1764429,80,"2013-07-02",1,0
1994077,1797530,80,"2015-10-18",1,0
1994077,1800763,80,"2012-12-02",3,0
1994077,2103188,40,"2014-02-15",4,8
1994077,2136885,90,"2013-12-08",0,0
1994077,2256636,60,"2015-06-28",0,0
1994077,2441256,100,"2015-07-31",1,0
1994077,2739708,80,"2015-07-14",1,4
1994077,2842418,60,"2017-10-05",0,0
1994077,3898332,60,"2017-10-16",2,3
2039509,1540125,100,"2010-08-26",11,2
2082018,802999,100,"2009-04-01",1,3
2088822,1540125,100,"2015-12-14",6,1
2093818,115141,80,"2007-05-03",3,2
2093818,134599,80,"2009-04-22",0,0
2093818,160910,80,"2008-01-30",3,1
2093818,161941,70,"2010-12-29",0,1
2093818,163281,70,"2015-03-20",1,0
2093818,164179,70,"2008-02-05",0,3
2093818,165025,80,"2016-10-21",0,0
2093818,165985,70,"2007-05-21",1,0
2093818,176457,80,"2010-12-04",1,2
2093818,181047,70,"2011-10-15",2,0
2093818,181421,50,"2011-07-12",0,6
2093818,181422,70,"2005-09-16",1,7
2093818,194376,100,"2007-04-08",0,0
2093818,204798,80,"2008-01-19",4,0
2093818,212448,100,"2006-12-21",14,2
2093818,212449,70,"2006-12-23",4,0
2093818,212450,70,"2007-05-15",1,0
2093818,214938,70,"2011-03-02",1,1
2093818,215208,70,"2008-06-24",2,1
2093818,217061,80,"2005-02-01",9,4
2093818,219364,70,"2008-03-07",1,0
2093818,219771,60,"2005-10-16",3,5
2093818,232532,60,"2005-10-01",1,0
2093818,234704,70,"2015-11-27",0,0
2093818,239023,80,"2009-04-25",0,0
2093818,244841,80,"2014-01-24",0,0
2093818,250583,50,"2012-07-31",0,6
2093818,252337,80,"2007-04-11",2,2
2093818,252338,80,"2007-05-30",3,1
2093818,254178,80,"2014-07-04",2,0
2093818,254878,80,"2005-09-04",2,0
2093818,257548,50,"2010-11-29",0,3
2093818,271352,50,"2005-09-17",0,0
2093818,276195,80,"2008-10-11",4,0
2093818,276592,60,"2017-01-21",1,1
2093818,277723,80,"2013-09-06",1,1
2093818,277737,80,"2005-03-14",2,1
2093818,277738,70,"2005-03-15",1,0
2093818,277739,70,"2010-02-02",2,0
2093818,277828,70,"2009-04-11",0,2
2093818,277933,80,"2008-05-22",1,0
2093818,280928,80,"2009-07-26",3,0
2093818,280929,60,"2009-07-28",0,3
2093818,282975,100,"2010-02-07",2,0
2093818,282976,30,"2005-10-17",2,6
2093818,286417,80,"2006-06-23",0,0
2093818,286555,70,"2007-04-20",2,0
2093818,286585,100,"2009-09-12",1,1
2093818,287907,70,"2008-04-27",1,4
2093818,289056,80,"2008-05-08",2,0
2093818,290577,80,"2016-04-10",0,0
2093818,291337,70,"2004-04-09",0,5
2093818,291489,60,"2011-10-28",1,2
2093818,291490,70,"2011-08-29",0,3
2093818,291491,80,"2011-09-10",2,0
2093818,291492,70,"2011-10-07",0,2
2093818,291777,50,"2005-10-17",1,6
2093818,295203,70,"2007-06-03",2,1
2093818,295318,70,"2006-05-28",5,1
2093818,296870,70,"2008-04-20",1,2
2093818,297410,70,"2008-02-22",1,0
2093818,298313,80,"2015-09-05",0,0
2093818,304947,80,"2006-06-24",2,0
2093818,306139,80,"2013-05-15",1,0
2093818,308955,80,"2014-10-29",1,0
2093818,308956,100,"2009-08-30",2,0
2093818,312759,100,"2009-06-28",2,0
2093818,313918,70,"2007-06-22",1,1
2093818,313919,70,"2007-06-15",6,1
2093818,314123,70,"2004-11-06",1,4
2093818,323073,50,"2012-04-21",0,3
2093818,323974,100,"2010-02-21",2,0
2093818,330788,70,"2009-01-02",0,0
2093818,335473,70,"2009-03-21",3,0
2093818,338221,80,"2015-08-18",0,0
2093818,339160,70,"2008-10-13",0,2
2093818,339767,80,"2011-10-17",0,0
2093818,340374,90,"2009-07-20",0,1
2093818,343361,60,"2008-05-14",2,2
2093818,352416,60,"2004-03-28",1,1
2093818,354469,80,"2009-10-09",3,0
2093818,362179,70,"2008-02-28",0,1
2093818,362583,80,"2006-12-25",3,0
2093818,363259,70,"2009-04-27",1,0
2093818,363260,70,"2009-04-26",1,0
2093818,364056,50,"2010-02-27",0,1
2093818,364931,70,"2007-03-10",3,3
2093818,365948,80,"2009-03-26",3,1
2093818,366396,70,"2012-02-12",0,0
2093818,366758,80,"2009-04-19",0,0
2093818,368930,50,"2004-10-07",3,9
2093818,368983,90,"2009-07-22",0,0
2093818,379311,90,"2009-06-25",3,3
2093818,382041,80,"2009-03-28",2,0
2093818,382779,70,"2006-10-15",2,0
2093818,383279,80,"2004-10-11",3,0
2093818,383280,80,"2007-06-09",1,0
2093818,383385,80,"2014-02-21",1,1
2093818,383686,70,"2006-11-07",1,2
2093818,384000,70,"2004-10-11",0,0
2093818,384001,70,"2004-10-11",0,0
2093818,384002,60,"2004-10-11",0,0
2093818,384003,70,"2009-10-15",3,0
2093818,384444,100,"2009-04-06",4,1
2093818,385801,70,"2009-07-31",0,0
2093818,386384,70,"2007-06-28",1,0
2093818,386788,80,"2010-03-06",2,0
2093818,386789,50,"2006-12-07",1,9
2093818,389867,80,"2004-10-28",1,0
2093818,389909,80,"2012-12-25",0,0
2093818,395252,60,"2015-12-18",0,2
2093818,397040,60,"2016-05-27",0,7
2093818,397053,70,"2012-05-07",0,1
2093818,400549,50,"2004-12-28",2,4
2093818,404112,70,"2008-10-15",1,1
2093818,412305,70,"2008-11-28",3,0
2093818,413662,70,"2008-12-30",1,2
2093818,414590,70,"2014-06-24",1,0
2093818,417551,70,"2006-11-02",0,1
2093818,418194,70,"2009-12-04",1,0
2093818,424369,70,"2009-10-31",1,0
2093818,427889,90,"2009-07-24",3,0
2093818,433390,90,"2008-10-17",4,1
2093818,436638,70,"2009-07-01",2,1
2093818,437437,80,"2009-04-08",3,0
2093818,442674,60,"2011-01-31",1,6
2093818,445045,80,"2008-02-10",1,0
2093818,446708,70,"2006-10-12",6,0
2093818,451118,70,"2009-04-13",1,0
2093818,461296,70,"2010-04-25",3,1
2093818,462670,70,"2011-01-20",0,0
2093818,463978,60,"2009-09-20",0,0
2093818,466662,80,"2013-09-21",0,3
2093818,467668,80,"2012-10-04",4,0
2093818,478248,70,"2009-10-18",3,0
2093818,480471,70,"2009-08-02",2,0
2093818,483168,80,"2009-12-13",1,2
2093818,483781,80,"2009-04-10",0,0
2093818,483841,80,"2009-11-22",0,0
2093818,485044,70,"2013-10-27",0,0
2093818,488536,80,"2009-12-23",0,0
2093818,763846,70,"2011-01-03",0,1
2093818,802999,70,"2014-08-20",0,1
2093818,807737,70,"2011-06-30",0,2
2093818,814207,80,"2010-02-16",0,0
2093818,815191,80,"2018-03-04",1,0
2093818,837133,90,"2010-01-02",1,1
2093818,848263,60,"2010-08-01",0,6
2093818,856087,90,"2007-04-06",4,0
2093818,888505,70,"2013-11-29",0,0
2093818,892073,70,"2006-11-03",1,1
2093818,899131,70,"2006-12-09",2,0
2093818,909806,60,"2006-12-03",1,0
2093818,932936,70,"2011-02-24",2,1
2093818,934616,80,"2009-12-21",4,2
2093818,936483,80,"2007-03-21",0,2
2093818,951351,80,"2007-05-13",0,0
2093818,973816,80,"2011-03-07",0,0
2093818,978763,80,"2010-11-07",0,0
2093818,1019902,70,"2007-05-07",0,0
2093818,1029355,80,"2011-03-29",3,1
2093818,1033571,80,"2007-06-06",0,0
2093818,1038013,80,"2012-06-12",0,0
2093818,1038098,70,"2009-04-17",1,0
2093818,1094581,70,"2011-03-17",0,1
2093818,1103157,80,"2008-02-12",4,2
2093818,1114713,70,"2010-08-14",2,1
2093818,1127708,80,"2013-07-22",1,0
2093818,1143900,10,"2010-08-12",1,0
2093818,1149396,80,"2010-01-24",1,0
2093818,1152717,70,"2011-04-26",2,0
2093818,1181833,40,"2016-04-08",0,8
2093818,1193521,80,"2010-04-09",0,0
2093818,1201133,70,"2011-04-10",2,11
2093818,1207937,70,"2015-08-27",0,1
2093818,1212902,70,"2009-12-25",1,0
2093818,1226221,80,"2008-05-04",4,1
2093818,1233205,60,"2010-05-02",0,0
2093818,1235071,60,"2012-09-12",2,0
2093818,1249419,70,"2010-09-05",1,1
2093818,1255892,80,"2011-03-31",2,0
2093818,1265188,80,"2009-11-21",0,0
2093818,1267296,40,"2016-05-06",1,5
2093818,1277125,50,"2016-09-30",3,0
2093818,1281392,70,"2010-04-18",2,4
2093818,1282022,90,"2013-10-08",3,0
2093818,1303901,80,"2011-02-08",0,1
2093818,1319708,80,"2012-11-05",1,4
2093818,1323932,90,"2012-12-04",0,2
2093818,1332115,60,"2011-04-02",2,2
2093818,1332707,70,"2010-01-09",0,0
2093818,1334106,70,"2010-09-17",1,0
2093818,1338661,60,"2011-03-24",2,5
2093818,1343091,70,"2015-01-22",0,0
2093818,1376693,40,"2015-10-30",0,0
2093818,1394201,100,"2010-01-10",1,0
2093818,1407064,70,"2013-06-17",3,8
2093818,1438495,90,"2010-03-20",1,2
2093818,1446103,60,"2010-02-14",1,0
2093818,1450324,70,"2015-05-01",1,0
2093818,1458917,70,"2009-06-26",1,0
2093818,1458918,70,"2009-06-27",1,0
2093818,1458919,70,"2009-06-29",1,0
2093818,1458920,60,"2009-06-30",0,0
2093818,1462766,70,"2011-04-25",0,6
2093818,1467303,100,"2010-02-12",0,0
2093818,1471281,60,"2010-09-26",0,0
2093818,1502419,90,"2012-08-02",3,1
2093818,1505424,70,"2010-03-31",0,0
2093818,1505762,80,"2010-05-08",5,0
2093818,1506437,80,"2011-04-20",5,1
2093818,1517155,70,"2010-10-09",1,2
2093818,1523578,80,"2009-12-06",0,0
2093818,1543024,90,"2013-06-19",4,0
2093818,1568322,80,"2014-04-08",0,0
2093818,1578126,50,"2014-12-02",2,4
2093818,1598621,100,"2010-02-18",5,1
2093818,1648163,90,"2014-01-10",2,0
2093818,1695142,70,"2010-07-23",0,1
2093818,1699759,70,"2012-03-20",0,0
2093818,1712064,70,"2017-03-04",0,0
2093818,1712561,70,"2011-01-11",3,7
2093818,1724555,70,"2011-06-13",3,0
2093818,1740685,60,"2010-10-10",1,0
2093818,1741689,80,"2013-07-09",2,0
2093818,1753608,70,"2010-10-31",0,0
2093818,1845786,50,"2015-02-16",1,2
2093818,1846603,80,"2014-05-12",2,0
2093818,1885369,80,"2014-03-12",4,1
2093818,1927070,60,"2016-06-17",0,0
2093818,1928116,70,"2012-07-07",1,5
2093818,1984178,70,"2013-05-29",2,0
2093818,2022397,70,"2012-04-04",1,4
2093818,2071475,70,"2013-01-27",3,10
2093818,2106546,70,"2017-02-25",1,2
2093818,2175563,70,"2013-03-27",2,2
2093818,2190134,70,"2014-10-01",1,1
2093818,2216930,80,"2014-05-27",1,1
2093818,2258253,70,"2014-03-21",0,2
2093818,2308947,70,"2012-07-10",0,1
2093818,2322244,70,"2014-12-31",1,0
2093818,2429852,70,"2015-02-27",0,1
2093818,2764864,70,"2015-10-02",2,2
2093818,2765044,90,"2014-05-30",1,0
2093818,2839486,80,"2015-07-28",3,1
2093818,2885788,50,"2017-02-11",1,0
2093818,2984660,70,"2015-05-22",2,3
2093818,3139054,70,"2015-02-03",0,0
2093818,3166518,70,"2016-12-03",1,1
2093818,3255592,80,"2017-04-01",9,1
2093818,3830216,80,"2015-04-06",0,0
2093818,3898332,50,"2017-03-05",1,3
2093818,4232186,60,"2016-07-15",2,1
2093818,4510260,50,"2017-01-01",1,0
2093818,5127470,80,"2017-09-02",1,0
2093818,6060644,70,"2017-03-17",0,0
2154140,161941,80,"2003-02-02",1,1
2154140,190703,70,"2003-02-02",0,2
2154140,203701,90,"2006-04-27",2,0
2154140,203702,60,"2006-04-27",2,2
2154140,203703,100,"2006-05-01",3,2
2154140,207701,70,"2003-02-04",5,1
2154140,217000,80,"2003-02-11",2,0
2154140,217061,100,"2006-05-07",9,1
2154140,258523,100,"2007-01-30",9,0
2154140,261889,90,"2003-01-16",6,3
2154140,310260,100,"2003-04-12",7,1
2154140,314123,90,"2003-02-28",22,8
2154140,337635,10,"2003-04-05",1,9
2154140,339767,80,"2004-08-13",0,0
2154140,340311,100,"2003-05-29",7,2
2154140,383385,100,"2006-05-07",0,1
2154140,385989,90,"2003-12-30",5,0
2154140,386061,90,"2004-03-16",6,1
2154140,386616,50,"2003-12-21",6,7
2154140,386789,80,"2003-12-11",12,0
2154140,411677,80,"2004-10-21",5,0
2154140,418086,70,"2006-04-26",1,4
2154140,446042,20,"2005-10-27",9,11
2154140,457386,90,"2006-04-24",0,1
2154140,479196,80,"2006-08-23",5,2
2154140,483822,90,"2006-04-24",9,4
2154140,756360,90,"2006-04-30",10,0
2154140,815168,70,"2007-03-25",0,1
2154140,841037,80,"2007-04-06",11,1
2154140,942894,70,"2007-06-10",15,2
2154140,972844,40,"2008-12-27",3,3
2154140,1223886,50,"2008-11-28",7,17
2158529,3334704,90,"2016-07-13",2,2
2236783,1568322,100,"2011-10-19",2,2
2292515,303097,100,"2007-05-27",2,0
2300261,932936,50,"2008-06-17",9,18
2350478,1632479,80,"2017-04-03",1,1
2619078,1201133,90,"2009-11-24",6,3
2619078,1540125,90,"2010-02-27",22,6
2619078,1606610,80,"2010-02-27",29,2
2729196,932936,50,"2008-09-09",11,16
2761042,1568322,80,"2012-06-27",1,1
2761042,2842418,80,"2014-04-24",3,1
2761042,5734258,90,"2016-10-20",0,0
2843647,145730,80,"2006-10-15",3,0
2843647,158150,60,"2010-04-23",0,0
2843647,186360,100,"2009-05-20",1,1
2843647,190573,80,"2007-03-25",1,1
2843647,202480,100,"2009-07-25",1,0
2843647,203701,100,"2009-07-25",1,0
2843647,203702,90,"2009-07-25",2,0
2843647,206895,100,"2006-08-19",5,0
2843647,218376,80,"2006-09-24",9,3
2843647,219364,100,"2009-07-25",0,0
2843647,244783,100,"2006-07-15",6,1
2843647,273778,100,"2006-10-15",6,1
2843647,279206,100,"2009-07-30",0,0
2843647,292231,90,"2006-12-15",13,1
2843647,294443,80,"2009-07-31",1,0
2843647,295269,100,"2006-08-19",4,2
2843647,301665,60,"2009-11-21",0,1
2843647,302061,80,"2007-02-28",4,0
2843647,380760,100,"2007-02-28",4,1
2843647,397042,100,"2006-08-13",2,2
2843647,397231,80,"2007-02-27",2,0
2843647,405490,20,"2009-07-30",2,3
2843647,421586,90,"2006-08-19",3,0
2843647,433601,60,"2006-12-03",8,7
2843647,466662,100,"2011-05-22",6,4
2843647,496608,100,"2008-11-23",1,0
2843647,802999,90,"2009-07-24",11,3
2843647,819676,100,"2006-12-28",3,0
2843647,823463,100,"2009-07-24",3,0
2843647,837114,90,"2010-05-08",0,0
2843647,852665,90,"2007-03-25",3,1
2843647,952651,90,"2009-07-24",7,1
2843647,1094581,100,"2008-11-23",18,3
2843647,1143900,30,"2009-07-24",3,1
2843647,1247152,50,"2009-07-24",3,2
2843647,1253868,100,"2009-07-24",1,0
2843647,1306968,70,"2009-07-25",0,0
2904509,1073668,90,"2008-07-09",15,4
2904509,1094581,70,"2008-05-15",13,40
2904509,1540125,90,"2010-02-14",39,3
2925094,1540125,100,"2011-12-28",2,0
2956897,203701,10,"2007-07-18",1,3
2956897,206256,70,"2004-01-21",0,2
2956897,210061,40,"2007-07-18",0,5
2956897,454955,100,"2007-07-18",2,0
3227375,383385,100,"2007-10-17",1,1
3227375,1073668,100,"2008-09-22",1,2
3397538,366629,100,"2008-01-30",3,0
3397538,400549,10,"2006-06-10",1,1
3397538,403324,30,"2007-07-17",4,5
3397538,411677,100,"2007-10-31",1,0
3397538,455566,100,"2007-03-03",9,0
3397538,483822,100,"2007-11-02",3,0
3397538,1139644,60,"2010-05-18",6,3
3397538,1409575,100,"2010-03-14",10,2
3397538,1712064,100,"2013-04-07",5,4
3397538,1797530,100,"2013-03-19",18,3
3397538,2002632,100,"2012-01-10",9,1
3397538,2148915,100,"2012-10-09",7,0
3575068,383385,90,"2006-12-29",0,1
3798706,383385,90,"2005-12-15",2,1
3858996,802999,90,"2008-05-13",0,8
3897624,1479962,100,"2014-05-05",1,1
4025773,340374,60,"2011-10-26",0,3
4025773,368983,60,"2011-11-12",0,0
4025773,427889,70,"2011-12-16",0,1
4025773,462423,70,"2012-02-15",0,4
4025773,932936,50,"2011-04-29",1,13
4025773,954921,70,"2013-02-23",3,0
4025773,1000777,70,"2011-03-11",0,3
4025773,1073668,70,"2015-06-08",0,0
4025773,1094581,80,"2011-03-10",1,1
4025773,1125798,60,"2012-10-11",0,0
4025773,1201133,60,"2011-05-26",3,28
4025773,1322987,70,"2017-05-26",0,2
4025773,1349460,70,"2011-03-18",2,5
4025773,1506437,80,"2011-03-28",3,0
4025773,1540125,70,"2011-07-26",1,15
4025773,1606610,40,"2011-09-28",4,8
4025773,1684551,60,"2013-03-02",0,8
4025773,1699759,40,"2011-06-23",1,39
4025773,1712064,80,"2015-09-01",1,0
4025773,1800763,70,"2013-02-27",3,3
4025773,1821474,70,"2017-01-10",0,1
4025773,1839558,80,"2015-06-28",2,3
4025773,1924352,90,"2011-05-12",2,0
4025773,1928116,50,"2015-08-25",1,4
4025773,2140553,90,"2017-06-06",1,1
4025773,2229051,70,"2017-05-09",1,0
4025773,2374911,70,"2017-05-02",0,1
4025773,2452050,70,"2013-01-23",4,17
4025773,2909878,50,"2013-09-23",1,0
4025773,3110552,60,"2013-09-09",2,24
4025773,5358306,70,"2016-05-19",2,0
4050135,383385,100,"2004-12-12",2,2
4050371,802999,70,"2009-10-05",1,3
4050371,1463413,60,"2011-05-17",0,3
4050371,1545989,80,"2011-05-17",0,0
4050371,1598621,60,"2011-05-17",1,1
4100324,1073664,40,"2008-10-31",31,132
4247247,932936,80,"2008-03-11",4,14
4247247,1323932,100,"2008-12-02",10,1
4274455,215258,90,"2015-01-12",2,0
4274455,239023,100,"2013-02-02",0,0
4274455,243567,60,"2014-10-07",0,0
4274455,357718,10,"2007-06-28",2,5
4274455,363582,60,"2015-04-06",0,2
4274455,374692,90,"2005-02-10",0,2
4274455,412704,90,"2014-03-19",2,0
4274455,466931,100,"2006-08-18",2,1
4274455,473298,30,"2010-11-15",0,7
4274455,488536,80,"2017-01-13",0,0
4274455,490214,40,"2006-05-30",1,10
4274455,814129,90,"2006-06-27",0,0
4274455,936494,90,"2007-05-10",7,13
4274455,954921,90,"2008-01-25",12,6
4274455,1073664,100,"2010-11-15",6,5
4274455,1127708,90,"2014-06-30",1,0
4274455,1135590,70,"2016-08-12",0,0
4274455,1267296,90,"2011-02-08",2,2
4274455,1277125,70,"2013-07-08",4,0
4274455,1314741,90,"2012-05-06",8,3
4274455,1319708,60,"2011-09-12",4,116
4274455,1376693,60,"2014-10-24",0,1
4274455,1394201,70,"2015-06-06",0,0
4274455,1506437,90,"2010-03-17",4,0
4274455,1543024,80,"2014-06-30",0,0
4274455,1555186,90,"2010-03-07",8,5
4274455,1712064,70,"2013-08-04",3,4
4274455,1797530,80,"2013-04-11",0,3
4274455,1830522,60,"2011-03-30",5,26
4274455,1845786,80,"2012-01-15",4,2
4274455,1907748,80,"2012-02-29",1,0
4274455,2121733,70,"2015-05-09",0,2
4274455,2134101,90,"2014-04-29",6,0
4274455,2189256,90,"2013-10-04",1,5
4274455,2279259,80,"2012-05-06",4,3
4274455,2321297,80,"2013-02-02",3,5
4274455,2764864,70,"2014-09-09",1,2
4274455,2778298,100,"2013-10-28",4,0
4274455,2839486,80,"2015-02-05",1,9
4274455,2951478,70,"2014-06-28",1,3
4274455,2984660,70,"2014-03-19",0,3
4274455,3382518,90,"2014-07-14",0,2
4274455,3391132,90,"2014-11-02",0,0
4274455,3742988,100,"2015-11-22",0,0
4274455,3791072,80,"2016-08-12",0,2
4274455,4018604,70,"2016-03-04",1,0
4341830,1073664,100,"2008-10-29",53,33
4360180,1568322,90,"2011-10-27",3,2
4405474,1000777,90,"2016-10-14",0,0
4405474,1073664,100,"2011-10-16",7,7
4405474,1282022,100,"2018-03-27",0,0
4405474,1319708,100,"2016-08-08",2,2
4405474,1349460,100,"2016-10-24",0,0
4405474,1407064,100,"2016-07-24",2,2
4405474,1568322,100,"2018-03-29",0,0
4405474,1606610,90,"2018-07-25",0,1
4405474,1684551,100,"2011-06-07",9,3
4405474,1797530,100,"2013-03-18",23,2
4405474,1800763,90,"2016-11-20",0,1
4405474,1814884,100,"2011-11-26",56,8
4405474,1821474,100,"2016-09-17",0,1
4405474,1839558,100,"2016-01-02",2,2
4405474,1954263,90,"2016-07-18",0,0
4405474,2103188,100,"2016-12-29",0,0
4405474,2140553,100,"2016-08-28",3,1
4405474,2192570,80,"2018-05-24",1,3
4405474,2233084,100,"2015-12-04",3,0
4405474,2241982,90,"2017-07-06",1,0
4405474,2261248,100,"2013-04-28",5,0
4405474,2370518,100,"2015-10-08",7,10
4405474,2387409,80,"2015-01-12",0,3
4405474,2461406,100,"2015-04-04",8,3
4405474,2742544,100,"2017-07-09",4,2
4405474,2973402,80,"2018-07-14",2,0
4405474,2993508,100,"2016-02-16",28,7
4405474,3004030,70,"2019-01-01",1,0
4405474,3132870,80,"2016-11-21",3,1
4405474,3136698,70,"2018-03-01",1,4
4405474,3255592,80,"2018-12-30",1,0
4405474,3330488,90,"2016-02-23",2,1
4405474,3334704,100,"2016-07-28",1,0
4405474,3382518,70,"2017-04-11",2,1
4405474,3391032,100,"2018-04-29",1,1
4405474,3391132,100,"2015-01-05",14,1
4405474,3391176,90,"2017-07-16",1,2
4405474,3451374,80,"2016-04-27",1,1
4405474,3468818,100,"2016-08-27",2,0
4405474,3706490,100,"2015-01-30",9,2
4405474,3742988,100,"2014-12-15",8,4
4405474,3763912,100,"2017-05-14",1,2
4405474,3782832,80,"2017-05-28",3,1
4405474,3791072,100,"2017-02-25",3,3
4405474,3801456,100,"2014-11-17",5,4
4405474,3814634,100,"2019-01-24",2,0
4405474,3823294,100,"2017-05-22",2,2
4405474,4044024,100,"2018-03-12",4,2
4405474,4115498,80,"2018-10-27",0,0
4405474,4375662,100,"2017-06-22",2,1
4405474,4741306,100,"2017-09-14",3,0
4405474,4781786,70,"2017-11-22",1,2
4405474,4876864,100,"2018-04-02",7,6
4405474,4936406,50,"2018-10-27",5,3
4405474,5121834,100,"2018-03-26",1,1
4405474,5127470,80,"2017-09-18",2,0
4405474,5730780,100,"2016-11-19",6,0
4405474,5788078,100,"2018-07-25",3,1
4405474,5818106,100,"2018-10-09",2,0
4405474,5838588,100,"2018-09-02",2,1
4405474,6161168,100,"2019-01-06",1,0
4405474,6304452,100,"2018-08-21",2,0
4405474,8339682,100,"2019-02-12",2,0
4590573,192565,100,"2006-06-20",3,0
4590573,388929,80,"2008-03-05",5,1
4590573,411146,80,"2010-06-04",4,0
4590573,462271,60,"2006-06-03",6,21
4590573,476990,30,"2008-03-27",5,17
4590573,480471,90,"2007-07-02",3,0
4590573,1135590,50,"2009-02-18",4,7
4590573,1141742,60,"2011-09-11",0,1
4590573,1175519,90,"2009-03-13",2,1
4590573,1814884,30,"2014-12-05",1,6
4669024,184666,100,"2016-09-01",1,0
4669024,185037,50,"2012-02-16",1,0
4669024,194376,90,"2013-01-07",0,0
4669024,204660,60,"2012-03-09",1,1
4669024,208155,90,"2010-05-04",1,0
4669024,208156,100,"2012-11-14",2,0
4669024,221605,100,"2017-10-12",0,0
4669024,265795,70,"2012-08-13",0,5
4669024,282975,100,"2016-11-10",0,0
4669024,308426,90,"2013-12-02",2,0
4669024,323974,100,"2016-11-15",1,0
4669024,325724,100,"2012-02-09",1,0
4669024,340311,90,"2013-12-09",0,0
4669024,364126,60,"2013-12-02",0,1
4669024,384222,80,"2011-01-23",1,0
4669024,386788,80,"2017-07-17",2,0
4669024,441877,80,"2013-09-11",1,1
4669024,481507,50,"2012-02-15",1,1
4669024,1073664,90,"2012-03-06",2,8
4669024,1144553,40,"2012-02-09",1,1
4669024,1303901,70,"2010-04-05",1,1
4669024,1502419,70,"2014-01-28",1,2
4669024,1506437,70,"2012-05-01",2,2
4669024,1606610,100,"2012-02-16",7,4
4669024,1677012,30,"2016-10-25",0,0
4669024,1754134,100,"2012-04-17",5,1
4669024,1799527,100,"2017-01-14",6,0
4669024,1885369,50,"2013-12-02",3,4
4669024,2395514,90,"2016-10-25",1,0
4669024,2742544,90,"2016-04-09",11,13
4669024,2960886,90,"2013-12-26",3,1
4669024,3886968,70,"2016-09-09",1,0
4669024,4214834,80,"2016-10-12",2,0
4669024,4375662,90,"2017-01-26",8,3
4669024,5452650,100,"2016-10-12",0,0
4669024,6905446,80,"2018-11-24",3,0
5020744,327950,100,"2010-11-23",3,1
5020744,1043740,90,"2010-01-29",3,4
5020744,1142978,100,"2009-10-21",15,1
5020744,1282022,70,"2010-08-23",1,6
5020744,1320276,100,"2009-04-02",3,3
5020744,1988671,70,"2011-12-06",4,4
5081330,2140553,100,"2014-11-20",1,0
5098403,383385,100,"2007-08-27",0,1
5098403,837114,80,"2007-11-05",0,0
5175792,178952,80,"2009-01-22",0,0
5175792,180864,90,"2005-10-08",1,0
5175792,186251,50,"2006-03-04",3,1
5175792,201955,100,"2006-02-03",6,1
5175792,208332,100,"2017-05-27",2,0
5175792,210613,100,"2012-10-28",1,1
5175792,249174,100,"2008-05-11",1,1
5175792,255319,100,"2012-05-19",0,0
5175792,260523,70,"2007-10-01",1,1
5175792,260785,100,"2012-05-17",1,0
5175792,262889,80,"2006-02-20",0,0
5175792,271111,90,"2005-11-22",4,2
5175792,276388,100,"2009-07-05",1,0
5175792,279945,90,"2007-06-10",1,0
5175792,285079,90,"2008-11-28",1,1
5175792,292031,50,"2008-03-18",0,0
5175792,294984,90,"2006-12-31",1,5
5175792,296860,90,"2008-02-06",3,0
5175792,301836,10,"2008-12-07",3,0
5175792,301927,80,"2007-12-13",2,0
5175792,304743,100,"2015-04-22",2,0
5175792,309654,100,"2011-02-18",0,0
5175792,314123,100,"2008-08-08",6,0
5175792,317600,70,"2008-02-14",0,0
5175792,318166,70,"2008-05-06",0,0
5175792,323975,70,"2005-09-04",1,1
5175792,371284,90,"2009-12-02",0,0
5175792,379778,90,"2009-03-04",3,1
5175792,379779,90,"2009-07-23",1,0
5175792,383385,100,"2008-02-04",1,1
5175792,383640,60,"2007-05-18",3,1
5175792,388405,100,"2009-01-15",1,1
5175792,390296,100,"2006-09-26",5,2
5175792,395789,70,"2009-01-22",0,0
5175792,397042,100,"2009-02-11",2,0
5175792,412305,100,"2005-10-30",14,1
5175792,422335,20,"2006-09-20",2,7
5175792,424457,40,"2008-03-05",1,3
5175792,426436,90,"2009-09-17",2,1
5175792,451192,80,"2009-07-27",10,0
5175792,453557,90,"2008-06-19",2,2
5175792,457486,80,"2011-01-04",3,2
5175792,462448,100,"2007-04-08",12,5
5175792,472202,100,"2006-01-28",5,2
5175792,473298,90,"2017-05-03",1,1
5175792,478182,50,"2006-05-16",3,4
5175792,479079,60,"2010-01-24",0,0
5175792,479991,80,"2008-05-06",0,0
5175792,480483,70,"2010-04-15",0,0
5175792,498678,90,"2008-04-26",0,0
5175792,802999,100,"2010-12-14",4,0
5175792,813394,40,"2009-06-06",2,2
5175792,815168,90,"2009-09-24",0,0
5175792,837114,90,"2014-01-23",2,0
5175792,857332,100,"2008-05-11",3,1
5175792,888006,100,"2008-03-05",9,1
5175792,892892,70,"2007-12-12",6,7
5175792,928380,100,"2010-01-24",6,0
5175792,1073672,80,"2009-06-18",0,3
5175792,1141278,80,"2008-03-23",1,2
5175792,1168638,90,"2008-02-03",3,3
5175792,1253868,90,"2009-06-18",0,0
5175792,1340777,90,"2010-04-26",3,2
5175792,1560614,10,"2010-11-01",0,0
5175792,2103188,100,"2013-09-19",23,9
5175792,2386454,80,"2014-01-31",1,0
5175792,2452050,90,"2015-08-22",5,0
5175792,2974350,100,"2015-04-20",5,1
5175792,3818774,90,"2015-05-30",2,0
5180211,383385,100,"2005-05-11",1,1
5231930,1288501,100,"2008-11-06",18,2
5231930,1450746,100,"2009-11-07",39,18
5252199,291868,90,"2008-07-30",1,2
5252199,1125798,100,"2008-07-30",1,2
5283631,1201133,100,"2009-12-10",17,4
5295859,1814884,100,"2011-12-05",26,5
5323229,306021,80,"2007-08-05",0,0
5323229,383385,100,"2006-12-11",1,2
5368428,462271,100,"2010-01-12",2,10
5368428,1037854,10,"2010-08-27",7,19
5368428,1366331,10,"2009-05-07",11,8
5368428,1450746,100,"2009-12-11",3,0
5439702,1282022,90,"2013-10-30",0,0
5439702,1568322,90,"2013-10-30",0,1
5439702,2842418,90,"2013-10-29",4,2
5513934,213117,90,"2006-07-29",5,0
5513934,277933,80,"2006-08-18",4,0
5513934,314123,90,"2006-08-01",1,0
5538400,802999,20,"2008-11-24",15,25
5541859,349934,100,"2008-01-24",3,0
5541859,1125798,100,"2007-12-17",39,5
5798426,383385,100,"2005-08-01",0,1
5798426,411688,90,"2005-09-05",3,3
5814638,1201133,100,"2010-03-14",1,1
5960962,194376,90,"2011-08-09",0,0
5960962,323974,80,"2012-05-23",1,0
5960962,363260,90,"2013-05-26",0,0
5960962,449074,80,"2012-09-06",0,0
5960962,462271,80,"2013-04-13",0,3
5960962,483841,70,"2012-05-01",0,0
5960962,846694,80,"2013-02-11",0,0
5960962,937352,80,"2014-11-29",0,0
5960962,1343091,80,"2012-08-19",1,0
5960962,1349460,80,"2012-07-20",0,0
5960962,1479962,90,"2012-06-10",3,1
5960962,1495761,80,"2013-05-23",0,0
5960962,1541718,80,"2012-07-17",1,0
5960962,1568322,90,"2012-05-01",0,1
5960962,1806999,90,"2012-06-21",1,2
5960962,1839558,90,"2012-03-23",2,7
5960962,1955053,80,"2012-08-19",1,0
5960962,2015348,90,"2012-07-10",8,2
5960962,2184299,70,"2014-12-04",0,0
5960962,2186735,80,"2012-05-28",13,13
5960962,2193031,70,"2014-11-06",7,2
5960962,2243086,80,"2013-03-27",2,0
5960962,2252348,80,"2014-11-12",1,0
5960962,2387409,90,"2013-03-16",2,1
6042911,332042,90,"2008-11-22",0,0
6042911,433390,80,"2008-11-22",1,0
6042911,1479962,100,"2010-06-08",6,1
6099789,901689,100,"2007-06-03",2,2
6099789,1125798,100,"2007-11-08",30,29
6118275,802999,100,"2008-05-01",25,13
6305926,161941,80,"2015-02-16",0,1
6305926,176664,70,"2015-07-08",0,0
6305926,177266,100,"2015-04-13",0,0
6305926,181143,70,"2006-08-01",0,1
6305926,181422,80,"2015-07-15",0,0
6305926,183515,80,"2015-01-31",0,0
6305926,186046,100,"2006-04-04",0,0
6305926,186073,80,"2015-04-21",0,1
6305926,190703,80,"2012-06-22",2,0
6305926,201955,100,"2015-04-09",4,0
6305926,203701,70,"2015-08-30",1,0
6305926,203946,90,"2015-01-16",0,0
6305926,204659,70,"2015-04-14",0,1
6305926,207153,80,"2015-05-31",1,0
6305926,207701,80,"2013-01-02",2,0
6305926,221603,100,"2015-03-27",1,0
6305926,221604,40,"2018-03-31",1,2
6305926,228217,90,"2010-10-29",2,0
6305926,234202,100,"2015-05-12",1,0
6305926,241985,100,"2015-03-28",0,0
6305926,242391,70,"2017-08-02",0,0
6305926,248606,100,"2010-06-07",1,0
6305926,249174,90,"2015-04-16",0,0
6305926,253749,100,"2015-04-18",0,0
6305926,254878,70,"2010-08-13",0,0
6305926,255614,80,"2015-09-09",0,0
6305926,256407,70,"2015-07-13",0,0
6305926,260264,70,"2015-07-11",1,0
6305926,260523,90,"2015-01-05",0,0
6305926,260831,90,"2015-03-05",1,0
6305926,262889,100,"2006-03-30",0,1
6305926,263941,90,"2015-01-13",0,0
6305926,264564,70,"2006-04-04",2,0
6305926,266026,100,"2010-06-07",1,0
6305926,268189,70,"2015-01-21",0,0
6305926,268190,100,"2006-05-28",0,0
6305926,270831,70,"2006-02-23",6,4
6305926,270977,90,"2006-07-14",1,0
6305926,271409,100,"2006-08-09",2,0
6305926,272928,10,"2006-04-04",1,0
6305926,275059,100,"2015-03-06",0,0
6305926,277804,100,"2015-05-11",1,0
6305926,278087,100,"2006-08-09",0,3
6305926,282255,100,"2010-08-17",1,0
6305926,285312,80,"2015-04-11",0,0
6305926,290919,100,"2010-06-07",1,0
6305926,290920,50,"2006-04-13",1,1
6305926,290922,80,"2011-01-31",0,0
6305926,290923,50,"2011-02-28",0,0
6305926,290925,100,"2015-02-10",0,0
6305926,291490,80,"2015-07-26",2,0
6305926,291491,90,"2015-09-03",0,0
6305926,292073,30,"2007-07-26",0,0
6305926,292096,90,"2010-08-12",2,0
6305926,292348,90,"2006-01-03",0,1
6305926,293062,100,"2015-10-05",2,0
6305926,294586,60,"2015-07-19",0,0
6305926,300121,60,"2015-07-16",0,0
6305926,302006,90,"2015-01-11",0,0
6305926,302007,90,"2015-01-14",1,0
6305926,302008,40,"2015-09-05",0,0
6305926,302061,70,"2015-04-22",0,0
6305926,302327,90,"2015-10-02",0,0
6305926,304616,70,"2015-10-25",0,0
6305926,310260,100,"2015-01-25",1,0
6305926,316655,60,"2015-03-31",0,1
6305926,324485,100,"2010-08-18",0,0
6305926,358078,70,"2015-04-26",0,0
6305926,362047,80,"2015-01-15",1,0
6305926,363480,80,"2015-05-28",1,0
6305926,364931,70,"2015-04-17",0,0
6305926,366351,80,"2015-12-17",1,0
6305926,368980,80,"2015-09-12",0,0
6305926,371816,100,"2006-08-02",2,1
6305926,373729,80,"2006-03-29",0,0
6305926,376279,90,"2015-02-11",0,0
6305926,410801,100,"2012-06-22",0,0
6305926,420526,100,"2006-03-19",11,18
6305926,424369,80,"2006-05-17",1,1
6305926,426527,80,"2006-04-12",6,1
6305926,430617,90,"2015-11-01",1,0
6305926,433090,60,"2015-04-15",0,0
6305926,476458,100,"2006-07-14",3,10
6305926,478182,10,"2007-07-26",1,3
6305926,836714,70,"2015-07-29",0,0
6305926,884088,80,"2015-02-17",3,0
6305926,934616,90,"2015-08-29",2,0
6305926,1000777,90,"2015-07-15",0,0
6305926,1015475,80,"2010-06-07",0,1
6305926,1027810,30,"2015-05-06",0,3
6305926,1087900,80,"2012-09-05",0,0
6305926,1107835,80,"2015-01-24",0,0
6305926,1141278,70,"2015-09-15",0,0
6305926,1168638,80,"2017-08-10",0,0
6305926,1171270,80,"2015-01-02",2,1
6305926,1230589,80,"2015-07-15",0,0
6305926,1244669,70,"2015-11-13",0,0
6305926,1282022,100,"2015-09-23",3,0
6305926,1349460,90,"2015-05-19",0,0
6305926,1369842,80,"2015-02-16",1,0
6305926,1376706,80,"2014-01-02",1,0
6305926,1499703,80,"2015-09-20",0,0
6305926,1538367,80,"2015-01-31",0,0
6305926,1569962,100,"2010-11-30",1,0
6305926,1684568,80,"2015-01-18",1,0
6305926,1764479,90,"2015-01-24",0,0
6305926,1800763,90,"2015-10-31",1,1
6305926,1823262,90,"2014-01-01",0,0
6305926,1853725,80,"2015-01-01",0,0
6305926,1988671,80,"2015-01-30",7,0
6305926,2061577,80,"2015-09-11",3,0
6305926,2148915,80,"2015-05-04",0,0
6305926,2177250,90,"2015-02-23",1,0
6305926,2182384,90,"2017-07-27",0,0
6305926,2221781,70,"2015-01-28",0,0
6305926,2269724,80,"2017-07-07",1,0
6305926,2794304,80,"2015-03-10",1,0
6305926,4368386,80,"2015-09-18",0,0
6305926,5297040,60,"2017-08-03",2,1
6489499,932936,50,"2008-08-31",1,4
6489499,1323508,80,"2009-03-01",9,3
6506775,1814884,100,"2011-11-14",52,9
6506775,1845786,100,"2011-09-09",21,4
6506775,1937416,100,"2011-05-23",33,7
6918162,383385,100,"2006-05-17",1,1
7238696,1125798,90,"2008-02-14",1,1
7313618,1282022,90,"2009-08-26",3,0
7361458,802999,100,"2009-04-17",4,1
7506292,1073664,70,"2010-10-21",4,7
7663548,2140553,100,"2013-10-26",1,0
7826013,110267,70,"2017-03-08",0,0
7826013,129342,80,"2017-03-13",0,0
7826013,158814,100,"2017-03-07",1,0
7826013,177266,100,"2017-03-12",0,0
7826013,184666,100,"2017-03-12",0,0
7826013,186360,100,"2017-03-12",0,0
7826013,206583,100,"2018-06-27",0,0
7826013,212279,60,"2017-03-05",0,1
7826013,214855,60,"2017-03-12",0,0
7826013,214857,100,"2017-03-11",1,0
7826013,221603,80,"2017-03-13",1,0
7826013,233601,40,"2017-03-13",1,0
7826013,241385,70,"2017-03-13",0,0
7826013,242419,80,"2017-03-13",1,1
7826013,244587,80,"2017-03-11",0,0
7826013,244589,30,"2017-03-11",0,3
7826013,249174,100,"2017-03-13",0,0
7826013,251285,100,"2017-03-06",1,0
7826013,264790,30,"2017-03-07",0,1
7826013,285312,70,"2017-03-08",0,0
7826013,293062,100,"2017-03-07",2,0
7826013,295846,50,"2017-03-07",0,0
7826013,304947,80,"2017-03-12",0,0
7826013,325724,60,"2017-03-07",0,1
7826013,371816,100,"2017-03-07",0,0
7826013,378328,40,"2017-03-13",0,0
7826013,379778,90,"2017-03-13",0,0
7826013,400636,90,"2017-03-07",0,0
7826013,418914,100,"2017-03-06",1,0
7826013,441877,70,"2017-03-13",0,0
7826013,462442,40,"2017-03-13",0,0
7826013,497981,50,"2017-03-13",0,0
7826013,846021,30,"2017-03-11",0,0
7826013,879874,90,"2017-03-13",0,0
7826013,934616,90,"2017-03-12",2,0
7826013,1107264,80,"2017-03-13",0,0
7826013,1244669,80,"2017-03-11",0,0
7826013,1282022,50,"2017-03-11",1,3
7826013,1616110,100,"2017-03-11",0,0
7826013,1839475,40,"2017-03-13",0,1
7826013,2077804,100,"2017-03-13",0,0
7826013,2202503,70,"2017-03-11",0,0
7826013,2794304,100,"2017-03-13",0,0
7826013,3382518,30,"2017-03-13",3,8
7826013,4375664,70,"2017-03-13",3,0
7826013,5537918,90,"2017-03-12",1,0
7826013,7440102,80,"2018-01-31",0,1
7826013,8851502,60,"2018-10-27",0,0
7914648,1632479,40,"2010-11-20",7,44
7968744,1201133,100,"2011-06-14",2,2
8186713,406305,90,"2006-07-15",1,0
8186713,1233574,90,"2009-06-28",3,2
8186713,1320274,30,"2009-07-04",3,6
8186713,1402205,30,"2009-07-07",1,11
8186713,1450746,30,"2009-12-02",4,6
8285846,802999,100,"2008-04-29",72,41
8285846,814129,100,"2006-06-19",13,2
8306481,314123,100,"2006-12-18",0,0
8360433,314123,90,"2006-10-19",0,0
8360433,383385,90,"2006-10-08",1,2
8440369,340311,100,"2008-10-08",1,1
8440369,340374,80,"2011-12-22",0,3
8440369,382041,80,"2007-12-28",2,1
8440369,386788,70,"2008-04-24",0,1
8440369,403324,80,"2008-06-07",2,0
8440369,433390,100,"2007-04-19",1,0
8440369,462271,100,"2007-12-04",2,3
8440369,488536,100,"2008-10-08",2,0
8440369,496608,100,"2007-10-28",0,0
8440369,802999,100,"2008-05-06",18,6
8440369,837114,70,"2008-10-28",0,0
8440369,888006,100,"2006-11-27",10,1
8440369,936494,90,"2012-06-08",1,0
8440369,1073664,100,"2009-11-20",8,6
8440369,1233574,60,"2012-05-27",0,0
8440369,1319708,90,"2012-08-02",2,2
8595100,383385,10,"2006-08-06",5,32
8651591,1540125,100,"2010-05-17",56,2
8651591,1648163,100,"2011-04-26",25,3
8752500,277723,100,"2006-09-03",1,2
8752500,378918,10,"2006-09-02",1,1
8752500,383385,100,"2006-09-02",0,1
8803849,177266,100,"2010-07-30",0,0
8803849,316324,70,"2010-10-10",0,0
8803849,383385,100,"2010-07-27",0,1
8803849,1464522,80,"2011-01-05",3,0
9117892,802999,100,"2008-04-30",32,17
9222285,1632479,80,"2011-01-11",3,3
9369690,383385,100,"2007-08-08",0,1
9369690,462271,70,"2007-08-09",1,8
9369690,477848,90,"2007-08-14",3,5
9369690,823463,70,"2007-08-09",1,5
9369690,888006,80,"2007-08-07",4,1
9413451,1479962,90,"2011-10-19",2,1
9516916,110909,80,"2006-05-11",1,0
9516916,142210,70,"2006-05-11",7,2
9516916,207181,80,"2006-05-11",1,0
9516916,219075,80,"2006-05-12",4,1
9516916,249510,80,"2008-04-11",4,3
9516916,276592,80,"2007-12-23",3,0
9516916,284110,100,"2008-04-01",0,0
9516916,375926,70,"2010-09-14",0,0
9516916,405034,80,"2010-08-26",1,0
9516916,442681,60,"2007-11-16",2,0
9516916,442800,60,"2007-02-12",7,7
9516916,451118,70,"2007-01-13",0,1
9516916,458430,50,"2007-09-15",0,6
9516916,462199,70,"2007-09-08",5,1
9516916,462672,70,"2006-11-05",7,4
9516916,476701,80,"2009-06-28",7,1
9516916,478091,40,"2007-09-08",1,2
9516916,486673,90,"2010-08-13",1,0
9516916,488547,80,"2007-09-21",0,0
9516916,802988,80,"2010-04-30",1,6
9516916,826638,90,"2009-02-13",2,0
9516916,884870,100,"2008-08-26",6,0
9516916,1155074,80,"2008-01-13",3,0
9516916,1282022,80,"2010-09-02",2,4
9516916,1286542,60,"2009-06-06",1,12
9516916,1756534,70,"2010-11-07",3,8
9535234,802999,70,"2008-07-24",4,7
9738032,1937113,50,"2012-01-11",0,3
9868639,802999,100,"2008-04-29",52,17
9915063,304846,70,"2008-02-15",4,1
9915063,338221,100,"2007-08-11",3,0
9915063,808446,50,"2007-08-11",2,34
9915063,973816,80,"2007-12-02",10,6
9915063,1094581,80,"2007-10-23",4,46
9915063,1125798,90,"2007-11-10",20,10
9922916,1632479,10,"2010-11-23",13,47
